Workbook

Sheet Instructions
B2: CSF Profile Template — Instructions
B5: PURPOSE
B7: SHEETS IN THIS WORKBOOK
B8: 1. Instructions: This page — how to use the workbook
B9: 2. Current Profile: Rate your organization's current state for each CSF outcome (1–4 scale)
B10: 3. Target Profile: Define your desired target state for each CSF outcome
B11: 4. Gap Analysis: Automatically calculated gap between current and target; prioritized roadmap
B12: 5. Tier Summary: Function-level tier summary and overall program tier
B14: HOW TO COMPLETE
B15: Step 1: Go to the 'Current Profile' sheet. For each row, enter your current implementation score (1–4).
B16: Step 2: Go to the 'Target Profile' sheet. Enter your desired target score for each outcome (1–4).
B17: Step 3: Review the 'Gap Analysis' sheet — gaps are auto-calculated. Prioritize High gaps.
... B26: NOTES

Sheet Current Profile
B1: NIST CSF 2.0 — Current Profile
B2: Organization: | G2: Date:
B3: Function | C3: Category | D3: Subcategory ID | E3: Subcategory Description | F3: Current Score | G3: Target Score | H3: Notes / Evidence Reference
E4: Rate current implementation 1=Partial 2=Risk Informed 3=Repeatable 4=Adaptive | F4: Enter 1–4 (or N/A) | G4: Enter 1–4 (or N/A) | H4: Document evidence or context
B5: ▶ GOVERN (GV)
B6: GOVERN | C6: Organizational Context | D6: GV.OC-01 | E6: Mission, stakeholders, and dependencies understood
B7: GOVERN | C7: Organizational Context | D7: GV.OC-02 | E7: Legal/regulatory requirements identified
B8: GOVERN | C8: Organizational Context | D8: GV.OC-03 | E8: Critical objectives and capabilities identified
B9: GOVERN | C9: Organizational Context | D9: GV.OC-04 | E9: Relationships and dependencies understood
B10: GOVERN | C10: Organizational Context | D10: GV.OC-05 | E10: Cybersecurity integrated into organizational strategy
B11: GOVERN | C11: Risk Management Strategy | D11: GV.RM-01 | E11: Risk management objectives established
B12: GOVERN | C12: Risk Management Strategy | D12: GV.RM-02 | E12: Risk appetite and tolerance determined
B13: GOVERN | C13: Risk Management Strategy | D13: GV.RM-03 | E13: Cybersecurity risk integrated into ERM
B14: GOVERN | C14: Risk Management Strategy | D14: GV.RM-04 | E14: Strategic direction communicated to stakeholders
B15: GOVERN | C15: Risk Management Strategy | D15: GV.RM-05 | E15: Threats and vulnerabilities fed into risk management
B16: GOVERN | C16: Risk Management Strategy | D16: GV.RM-06 | E16: Policies establish risk oversight responsibilities
B17: GOVERN | C17: Risk Management Strategy | D17: GV.RM-07 | E17: Strategic opportunities considered in risk decisions
... B36: GOVERN | C36: Supply Chain Risk Management | D36: GV.SC-10 | E36: Supply chain effectiveness reviewed
B38: ▶ IDENTIFY (ID)
B39: IDENTIFY | C39: Asset Management | D39: ID.AM-01 | E39: Hardware asset inventory maintained
B40: IDENTIFY | C40: Asset Management | D40: ID.AM-02 | E40: Software asset inventory maintained
B41: IDENTIFY | C41: Asset Management | D41: ID.AM-03 | E41: Network and data flow inventory maintained
B42: IDENTIFY | C42: Asset Management | D42: ID.AM-04 | E42: Service inventory maintained
B43: IDENTIFY | C43: Asset Management | D43: ID.AM-05 | E43: Assets prioritized by criticality
B44: IDENTIFY | C44: Asset Management | D44: ID.AM-07 | E44: Data and data types inventoried
B45: IDENTIFY | C45: Asset Management | D45: ID.AM-08 | E45: Assets managed through lifecycle
B46: IDENTIFY | C46: Risk Assessment | D46: ID.RA-01 | E46: Vulnerabilities identified and validated
B47: IDENTIFY | C47: Risk Assessment | D47: ID.RA-02 | E47: Threat intelligence received
B48: IDENTIFY | C48: Risk Assessment | D48: ID.RA-03 | E48: Internal/external threats identified
B49: IDENTIFY | C49: Risk Assessment | D49: ID.RA-04 | E49: Impacts and likelihoods considered
B50: IDENTIFY | C50: Risk Assessment | D50: ID.RA-05 | E50: Risk understood from threats/vulnerabilities
... B59: IDENTIFY | C59: Improvement | D59: ID.IM-04 | E59: Incident response evaluated and documented
B61: ▶ PROTECT (PR)
B62: PROTECT | C62: Identity Mgmt, Auth & Access Control | D62: PR.AA-01 | E62: User, service, and hardware identities managed
B63: PROTECT | C63: Identity Mgmt, Auth & Access Control | D63: PR.AA-02 | E63: Identities proofed and bound to credentials
B64: PROTECT | C64: Identity Mgmt, Auth & Access Control | D64: PR.AA-03 | E64: Users and services authenticated (MFA)
B65: PROTECT | C65: Identity Mgmt, Auth & Access Control | D65: PR.AA-04 | E65: Identity assertions protected
B66: PROTECT | C66: Identity Mgmt, Auth & Access Control | D66: PR.AA-05 | E66: Access permissions and authorizations managed
B67: PROTECT | C67: Identity Mgmt, Auth & Access Control | D67: PR.AA-06 | E67: Physical access controlled
B68: PROTECT | C68: Awareness and Training | D68: PR.AT-01 | E68: Awareness and training provided to all personnel
B69: PROTECT | C69: Awareness and Training | D69: PR.AT-02 | E69: Specialized role training provided
B70: PROTECT | C70: Data Security | D70: PR.DS-01 | E70: Data-at-rest protected
B71: PROTECT | C71: Data Security | D71: PR.DS-02 | E71: Data-in-transit protected
B72: PROTECT | C72: Data Security | D72: PR.DS-10 | E72: Data-in-use protected
B73: PROTECT | C73: Data Security | D73: PR.DS-11 | E73: Backups created, protected, maintained, and tested
... B83: PROTECT | C83: Technology Infrastructure Resilience | D83: PR.IR-04 | E83: Adequate resource capacity ensured
B85: ▶ DETECT (DE)
B86: DETECT | C86: Continuous Monitoring | D86: DE.CM-01 | E86: Networks and network services monitored
B87: DETECT | C87: Continuous Monitoring | D87: DE.CM-02 | E87: Physical environment monitored
B88: DETECT | C88: Continuous Monitoring | D88: DE.CM-03 | E88: Personnel activity and technology usage monitored
B89: DETECT | C89: Continuous Monitoring | D89: DE.CM-06 | E89: External service provider activities monitored
B90: DETECT | C90: Continuous Monitoring | D90: DE.CM-09 | E90: Computing hardware and software monitored
B91: DETECT | C91: Adverse Event Analysis | D91: DE.AE-02 | E91: Adverse events analyzed to characterize them
B92: DETECT | C92: Adverse Event Analysis | D92: DE.AE-03 | E92: Information correlated from multiple sources
B93: DETECT | C93: Adverse Event Analysis | D93: DE.AE-04 | E93: Estimated impact and scope understood
B94: DETECT | C94: Adverse Event Analysis | D94: DE.AE-06 | E94: Information on adverse events provided to staff
B95: DETECT | C95: Adverse Event Analysis | D95: DE.AE-07 | E95: Cyber threat intelligence integrated
B96: DETECT | C96: Adverse Event Analysis | D96: DE.AE-08 | E96: Incidents declared when criteria met
B98: ▶ RESPOND (RS)
B99: RESPOND | C99: Incident Management | D99: RS.MA-01 | E99: Incident response plan exists and is executable
B100: RESPOND | C100: Incident Management | D100: RS.MA-02 | E100: Incident reports triaged and validated
B101: RESPOND | C101: Incident Management | D101: RS.MA-03 | E101: Incidents categorized and prioritized
B102: RESPOND | C102: Incident Management | D102: RS.MA-04 | E102: Incidents escalated or elevated as needed
B103: RESPOND | C103: Incident Management | D103: RS.MA-05 | E103: Incidents declared contained after analysis
B104: RESPOND | C104: Incident Analysis | D104: RS.AN-03 | E104: Analysis of what took place during incident
B105: RESPOND | C105: Incident Analysis | D105: RS.AN-06 | E105: Actions during investigation recorded
B106: RESPOND | C106: Incident Analysis | D106: RS.AN-07 | E106: Incident data and metadata collected
B107: RESPOND | C107: Incident Analysis | D107: RS.AN-08 | E107: Incident magnitude estimated and validated
B108: RESPOND | C108: Incident Response Reporting | D108: RS.CO-02 | E108: Internal/external stakeholders notified
B109: RESPOND | C109: Incident Response Reporting | D109: RS.CO-03 | E109: Information shared with designated stakeholders
B110: RESPOND | C110: Incident Mitigation | D110: RS.MI-01 | E110: Incidents contained
B111: RESPOND | C111: Incident Mitigation | D111: RS.MI-02 | E111: Incidents eradicated
B113: ▶ RECOVER (RC)
B114: RECOVER | C114: Incident Recovery Plan Execution | D114: RC.RP-01 | E114: Recovery portion of IRP executed
B115: RECOVER | C115: Incident Recovery Plan Execution | D115: RC.RP-02 | E115: Recovery actions selected and performed
B116: RECOVER | C116: Incident Recovery Plan Execution | D116: RC.RP-03 | E116: Completeness of recovery confirmed
B117: RECOVER | C117: Incident Recovery Plan Execution | D117: RC.RP-04 | E117: Reputation strategies applied
B118: RECOVER | C118: Incident Recovery Plan Execution | D118: RC.RP-05 | E118: Recovery activities end when criteria met
B119: RECOVER | C119: Incident Recovery Plan Execution | D119: RC.RP-06 | E119: Lessons learned incorporated
B120: RECOVER | C120: Incident Recovery Communication | D120: RC.CO-03 | E120: Recovery activities communicated to stakeholders
B121: RECOVER | C121: Incident Recovery Communication | D121: RC.CO-04 | E121: Public updates shared via approved methods

Sheet Target Profile
B1: NIST CSF 2.0 — Target Profile
B2: Organization: | G2: Date:
B3: Function | C3: Category | D3: Subcategory ID | E3: Subcategory Description | F3: Target Score | G3: Target Score | H3: Notes / Evidence Reference
E4: Enter desired target implementation score 1=Partial 2=Risk Informed 3=Repeatable 4=Adaptive | F4: Enter 1–4 (or N/A) | G4: Enter 1–4 (or N/A) | H4: Document evidence or context
B5: ▶ GOVERN (GV)
B6: GOVERN | C6: Organizational Context | D6: GV.OC-01 | E6: Mission, stakeholders, and dependencies understood
B7: GOVERN | C7: Organizational Context | D7: GV.OC-02 | E7: Legal/regulatory requirements identified
B8: GOVERN | C8: Organizational Context | D8: GV.OC-03 | E8: Critical objectives and capabilities identified
B9: GOVERN | C9: Organizational Context | D9: GV.OC-04 | E9: Relationships and dependencies understood
B10: GOVERN | C10: Organizational Context | D10: GV.OC-05 | E10: Cybersecurity integrated into organizational strategy
B11: GOVERN | C11: Risk Management Strategy | D11: GV.RM-01 | E11: Risk management objectives established
B12: GOVERN | C12: Risk Management Strategy | D12: GV.RM-02 | E12: Risk appetite and tolerance determined
B13: GOVERN | C13: Risk Management Strategy | D13: GV.RM-03 | E13: Cybersecurity risk integrated into ERM
B14: GOVERN | C14: Risk Management Strategy | D14: GV.RM-04 | E14: Strategic direction communicated to stakeholders
B15: GOVERN | C15: Risk Management Strategy | D15: GV.RM-05 | E15: Threats and vulnerabilities fed into risk management
B16: GOVERN | C16: Risk Management Strategy | D16: GV.RM-06 | E16: Policies establish risk oversight responsibilities
B17: GOVERN | C17: Risk Management Strategy | D17: GV.RM-07 | E17: Strategic opportunities considered in risk decisions
... B36: GOVERN | C36: Supply Chain Risk Management | D36: GV.SC-10 | E36: Supply chain effectiveness reviewed
B38: ▶ IDENTIFY (ID)
B39: IDENTIFY | C39: Asset Management | D39: ID.AM-01 | E39: Hardware asset inventory maintained
B40: IDENTIFY | C40: Asset Management | D40: ID.AM-02 | E40: Software asset inventory maintained
B41: IDENTIFY | C41: Asset Management | D41: ID.AM-03 | E41: Network and data flow inventory maintained
B42: IDENTIFY | C42: Asset Management | D42: ID.AM-04 | E42: Service inventory maintained
B43: IDENTIFY | C43: Asset Management | D43: ID.AM-05 | E43: Assets prioritized by criticality
B44: IDENTIFY | C44: Asset Management | D44: ID.AM-07 | E44: Data and data types inventoried
B45: IDENTIFY | C45: Asset Management | D45: ID.AM-08 | E45: Assets managed through lifecycle
B46: IDENTIFY | C46: Risk Assessment | D46: ID.RA-01 | E46: Vulnerabilities identified and validated
B47: IDENTIFY | C47: Risk Assessment | D47: ID.RA-02 | E47: Threat intelligence received
B48: IDENTIFY | C48: Risk Assessment | D48: ID.RA-03 | E48: Internal/external threats identified
B49: IDENTIFY | C49: Risk Assessment | D49: ID.RA-04 | E49: Impacts and likelihoods considered
B50: IDENTIFY | C50: Risk Assessment | D50: ID.RA-05 | E50: Risk understood from threats/vulnerabilities
... B59: IDENTIFY | C59: Improvement | D59: ID.IM-04 | E59: Incident response evaluated and documented
B61: ▶ PROTECT (PR)
B62: PROTECT | C62: Identity Mgmt, Auth & Access Control | D62: PR.AA-01 | E62: User, service, and hardware identities managed
B63: PROTECT | C63: Identity Mgmt, Auth & Access Control | D63: PR.AA-02 | E63: Identities proofed and bound to credentials
B64: PROTECT | C64: Identity Mgmt, Auth & Access Control | D64: PR.AA-03 | E64: Users and services authenticated (MFA)
B65: PROTECT | C65: Identity Mgmt, Auth & Access Control | D65: PR.AA-04 | E65: Identity assertions protected
B66: PROTECT | C66: Identity Mgmt, Auth & Access Control | D66: PR.AA-05 | E66: Access permissions and authorizations managed
B67: PROTECT | C67: Identity Mgmt, Auth & Access Control | D67: PR.AA-06 | E67: Physical access controlled
B68: PROTECT | C68: Awareness and Training | D68: PR.AT-01 | E68: Awareness and training provided to all personnel
B69: PROTECT | C69: Awareness and Training | D69: PR.AT-02 | E69: Specialized role training provided
B70: PROTECT | C70: Data Security | D70: PR.DS-01 | E70: Data-at-rest protected
B71: PROTECT | C71: Data Security | D71: PR.DS-02 | E71: Data-in-transit protected
B72: PROTECT | C72: Data Security | D72: PR.DS-10 | E72: Data-in-use protected
B73: PROTECT | C73: Data Security | D73: PR.DS-11 | E73: Backups created, protected, maintained, and tested
... B83: PROTECT | C83: Technology Infrastructure Resilience | D83: PR.IR-04 | E83: Adequate resource capacity ensured
B85: ▶ DETECT (DE)
B86: DETECT | C86: Continuous Monitoring | D86: DE.CM-01 | E86: Networks and network services monitored
B87: DETECT | C87: Continuous Monitoring | D87: DE.CM-02 | E87: Physical environment monitored
B88: DETECT | C88: Continuous Monitoring | D88: DE.CM-03 | E88: Personnel activity and technology usage monitored
B89: DETECT | C89: Continuous Monitoring | D89: DE.CM-06 | E89: External service provider activities monitored
B90: DETECT | C90: Continuous Monitoring | D90: DE.CM-09 | E90: Computing hardware and software monitored
B91: DETECT | C91: Adverse Event Analysis | D91: DE.AE-02 | E91: Adverse events analyzed to characterize them
B92: DETECT | C92: Adverse Event Analysis | D92: DE.AE-03 | E92: Information correlated from multiple sources
B93: DETECT | C93: Adverse Event Analysis | D93: DE.AE-04 | E93: Estimated impact and scope understood
B94: DETECT | C94: Adverse Event Analysis | D94: DE.AE-06 | E94: Information on adverse events provided to staff
B95: DETECT | C95: Adverse Event Analysis | D95: DE.AE-07 | E95: Cyber threat intelligence integrated
B96: DETECT | C96: Adverse Event Analysis | D96: DE.AE-08 | E96: Incidents declared when criteria met
B98: ▶ RESPOND (RS)
B99: RESPOND | C99: Incident Management | D99: RS.MA-01 | E99: Incident response plan exists and is executable
B100: RESPOND | C100: Incident Management | D100: RS.MA-02 | E100: Incident reports triaged and validated
B101: RESPOND | C101: Incident Management | D101: RS.MA-03 | E101: Incidents categorized and prioritized
B102: RESPOND | C102: Incident Management | D102: RS.MA-04 | E102: Incidents escalated or elevated as needed
B103: RESPOND | C103: Incident Management | D103: RS.MA-05 | E103: Incidents declared contained after analysis
B104: RESPOND | C104: Incident Analysis | D104: RS.AN-03 | E104: Analysis of what took place during incident
B105: RESPOND | C105: Incident Analysis | D105: RS.AN-06 | E105: Actions during investigation recorded
B106: RESPOND | C106: Incident Analysis | D106: RS.AN-07 | E106: Incident data and metadata collected
B107: RESPOND | C107: Incident Analysis | D107: RS.AN-08 | E107: Incident magnitude estimated and validated
B108: RESPOND | C108: Incident Response Reporting | D108: RS.CO-02 | E108: Internal/external stakeholders notified
B109: RESPOND | C109: Incident Response Reporting | D109: RS.CO-03 | E109: Information shared with designated stakeholders
B110: RESPOND | C110: Incident Mitigation | D110: RS.MI-01 | E110: Incidents contained
B111: RESPOND | C111: Incident Mitigation | D111: RS.MI-02 | E111: Incidents eradicated
B113: ▶ RECOVER (RC)
B114: RECOVER | C114: Incident Recovery Plan Execution | D114: RC.RP-01 | E114: Recovery portion of IRP executed
B115: RECOVER | C115: Incident Recovery Plan Execution | D115: RC.RP-02 | E115: Recovery actions selected and performed
B116: RECOVER | C116: Incident Recovery Plan Execution | D116: RC.RP-03 | E116: Completeness of recovery confirmed
B117: RECOVER | C117: Incident Recovery Plan Execution | D117: RC.RP-04 | E117: Reputation strategies applied
B118: RECOVER | C118: Incident Recovery Plan Execution | D118: RC.RP-05 | E118: Recovery activities end when criteria met
B119: RECOVER | C119: Incident Recovery Plan Execution | D119: RC.RP-06 | E119: Lessons learned incorporated
B120: RECOVER | C120: Incident Recovery Communication | D120: RC.CO-03 | E120: Recovery activities communicated to stakeholders
B121: RECOVER | C121: Incident Recovery Communication | D121: RC.CO-04 | E121: Public updates shared via approved methods

Sheet Gap Analysis
B1: NIST CSF 2.0 — Gap Analysis (Auto-Calculated)
B2: Gaps are automatically calculated from Current Profile and Target Profile sheets. Positive gap = remediation needed.
B3: Function | C3: Subcategory ID | D3: Subcategory Description | E3: Current Score | F3: Target Score | G3: Gap | H3: Priority | I3: Recommended Action
B4: ▶ GOVERN (GV)
B5: GOVERN | C5: GV.OC-01 | D5: Mission, stakeholders, and dependencies understood | E5: ='Current Profile'!F6 | F5: ='Target Profile'!F6 | G5: =IF(ISNUMBER('Target Profile'!F6)*ISNUMBER('Current Profile'!F6),'Target Profile'!F6-'Current Profile'!F6,"") | H5: =IF(G5="","",IF(G5>=3,"🔴 Critical",IF(G5=2,"🟠 High",IF(G5=1,"🟡 Medium","✅ None"))))
B6: GOVERN | C6: GV.OC-02 | D6: Legal/regulatory requirements identified | E6: ='Current Profile'!F7 | F6: ='Target Profile'!F7 | G6: =IF(ISNUMBER('Target Profile'!F7)*ISNUMBER('Current Profile'!F7),'Target Profile'!F7-'Current Profile'!F7,"") | H6: =IF(G6="","",IF(G6>=3,"🔴 Critical",IF(G6=2,"🟠 High",IF(G6=1,"🟡 Medium","✅ None"))))
B7: GOVERN | C7: GV.OC-03 | D7: Critical objectives and capabilities identified | E7: ='Current Profile'!F8 | F7: ='Target Profile'!F8 | G7: =IF(ISNUMBER('Target Profile'!F8)*ISNUMBER('Current Profile'!F8),'Target Profile'!F8-'Current Profile'!F8,"") | H7: =IF(G7="","",IF(G7>=3,"🔴 Critical",IF(G7=2,"🟠 High",IF(G7=1,"🟡 Medium","✅ None"))))
B8: GOVERN | C8: GV.OC-04 | D8: Relationships and dependencies understood | E8: ='Current Profile'!F9 | F8: ='Target Profile'!F9 | G8: =IF(ISNUMBER('Target Profile'!F9)*ISNUMBER('Current Profile'!F9),'Target Profile'!F9-'Current Profile'!F9,"") | H8: =IF(G8="","",IF(G8>=3,"🔴 Critical",IF(G8=2,"🟠 High",IF(G8=1,"🟡 Medium","✅ None"))))
B9: GOVERN | C9: GV.OC-05 | D9: Cybersecurity integrated into organizational strategy | E9: ='Current Profile'!F10 | F9: ='Target Profile'!F10 | G9: =IF(ISNUMBER('Target Profile'!F10)*ISNUMBER('Current Profile'!F10),'Target Profile'!F10-'Current Profile'!F10,"") | H9: =IF(G9="","",IF(G9>=3,"🔴 Critical",IF(G9=2,"🟠 High",IF(G9=1,"🟡 Medium","✅ None"))))
B10: GOVERN | C10: GV.RM-01 | D10: Risk management objectives established | E10: ='Current Profile'!F11 | F10: ='Target Profile'!F11 | G10: =IF(ISNUMBER('Target Profile'!F11)*ISNUMBER('Current Profile'!F11),'Target Profile'!F11-'Current Profile'!F11,"") | H10: =IF(G10="","",IF(G10>=3,"🔴 Critical",IF(G10=2,"🟠 High",IF(G10=1,"🟡 Medium","✅ None"))))
B11: GOVERN | C11: GV.RM-02 | D11: Risk appetite and tolerance determined | E11: ='Current Profile'!F12 | F11: ='Target Profile'!F12 | G11: =IF(ISNUMBER('Target Profile'!F12)*ISNUMBER('Current Profile'!F12),'Target Profile'!F12-'Current Profile'!F12,"") | H11: =IF(G11="","",IF(G11>=3,"🔴 Critical",IF(G11=2,"🟠 High",IF(G11=1,"🟡 Medium","✅ None"))))
B12: GOVERN | C12: GV.RM-03 | D12: Cybersecurity risk integrated into ERM | E12: ='Current Profile'!F13 | F12: ='Target Profile'!F13 | G12: =IF(ISNUMBER('Target Profile'!F13)*ISNUMBER('Current Profile'!F13),'Target Profile'!F13-'Current Profile'!F13,"") | H12: =IF(G12="","",IF(G12>=3,"🔴 Critical",IF(G12=2,"🟠 High",IF(G12=1,"🟡 Medium","✅ None"))))
B13: GOVERN | C13: GV.RM-04 | D13: Strategic direction communicated to stakeholders | E13: ='Current Profile'!F14 | F13: ='Target Profile'!F14 | G13: =IF(ISNUMBER('Target Profile'!F14)*ISNUMBER('Current Profile'!F14),'Target Profile'!F14-'Current Profile'!F14,"") | H13: =IF(G13="","",IF(G13>=3,"🔴 Critical",IF(G13=2,"🟠 High",IF(G13=1,"🟡 Medium","✅ None"))))
B14: GOVERN | C14: GV.RM-05 | D14: Threats and vulnerabilities fed into risk management | E14: ='Current Profile'!F15 | F14: ='Target Profile'!F15 | G14: =IF(ISNUMBER('Target Profile'!F15)*ISNUMBER('Current Profile'!F15),'Target Profile'!F15-'Current Profile'!F15,"") | H14: =IF(G14="","",IF(G14>=3,"🔴 Critical",IF(G14=2,"🟠 High",IF(G14=1,"🟡 Medium","✅ None"))))
B15: GOVERN | C15: GV.RM-06 | D15: Policies establish risk oversight responsibilities | E15: ='Current Profile'!F16 | F15: ='Target Profile'!F16 | G15: =IF(ISNUMBER('Target Profile'!F16)*ISNUMBER('Current Profile'!F16),'Target Profile'!F16-'Current Profile'!F16,"") | H15: =IF(G15="","",IF(G15>=3,"🔴 Critical",IF(G15=2,"🟠 High",IF(G15=1,"🟡 Medium","✅ None"))))
B16: GOVERN | C16: GV.RM-07 | D16: Strategic opportunities considered in risk decisions | E16: ='Current Profile'!F17 | F16: ='Target Profile'!F17 | G16: =IF(ISNUMBER('Target Profile'!F17)*ISNUMBER('Current Profile'!F17),'Target Profile'!F17-'Current Profile'!F17,"") | H16: =IF(G16="","",IF(G16>=3,"🔴 Critical",IF(G16=2,"🟠 High",IF(G16=1,"🟡 Medium","✅ None"))))
... B35: GOVERN | C35: GV.SC-10 | D35: Supply chain effectiveness reviewed | E35: ='Current Profile'!F36 | F35: ='Target Profile'!F36 | G35: =IF(ISNUMBER('Target Profile'!F36)*ISNUMBER('Current Profile'!F36),'Target Profile'!F36-'Current Profile'!F36,"") | H35: =IF(G35="","",IF(G35>=3,"🔴 Critical",IF(G35=2,"🟠 High",IF(G35=1,"🟡 Medium","✅ None"))))
B37: ▶ IDENTIFY (ID)
B38: IDENTIFY | C38: ID.AM-01 | D38: Hardware asset inventory maintained | E38: ='Current Profile'!F39 | F38: ='Target Profile'!F39 | G38: =IF(ISNUMBER('Target Profile'!F39)*ISNUMBER('Current Profile'!F39),'Target Profile'!F39-'Current Profile'!F39,"") | H38: =IF(G38="","",IF(G38>=3,"🔴 Critical",IF(G38=2,"🟠 High",IF(G38=1,"🟡 Medium","✅ None"))))
B39: IDENTIFY | C39: ID.AM-02 | D39: Software asset inventory maintained | E39: ='Current Profile'!F40 | F39: ='Target Profile'!F40 | G39: =IF(ISNUMBER('Target Profile'!F40)*ISNUMBER('Current Profile'!F40),'Target Profile'!F40-'Current Profile'!F40,"") | H39: =IF(G39="","",IF(G39>=3,"🔴 Critical",IF(G39=2,"🟠 High",IF(G39=1,"🟡 Medium","✅ None"))))
B40: IDENTIFY | C40: ID.AM-03 | D40: Network and data flow inventory maintained | E40: ='Current Profile'!F41 | F40: ='Target Profile'!F41 | G40: =IF(ISNUMBER('Target Profile'!F41)*ISNUMBER('Current Profile'!F41),'Target Profile'!F41-'Current Profile'!F41,"") | H40: =IF(G40="","",IF(G40>=3,"🔴 Critical",IF(G40=2,"🟠 High",IF(G40=1,"🟡 Medium","✅ None"))))
B41: IDENTIFY | C41: ID.AM-04 | D41: Service inventory maintained | E41: ='Current Profile'!F42 | F41: ='Target Profile'!F42 | G41: =IF(ISNUMBER('Target Profile'!F42)*ISNUMBER('Current Profile'!F42),'Target Profile'!F42-'Current Profile'!F42,"") | H41: =IF(G41="","",IF(G41>=3,"🔴 Critical",IF(G41=2,"🟠 High",IF(G41=1,"🟡 Medium","✅ None"))))
B42: IDENTIFY | C42: ID.AM-05 | D42: Assets prioritized by criticality | E42: ='Current Profile'!F43 | F42: ='Target Profile'!F43 | G42: =IF(ISNUMBER('Target Profile'!F43)*ISNUMBER('Current Profile'!F43),'Target Profile'!F43-'Current Profile'!F43,"") | H42: =IF(G42="","",IF(G42>=3,"🔴 Critical",IF(G42=2,"🟠 High",IF(G42=1,"🟡 Medium","✅ None"))))
B43: IDENTIFY | C43: ID.AM-07 | D43: Data and data types inventoried | E43: ='Current Profile'!F44 | F43: ='Target Profile'!F44 | G43: =IF(ISNUMBER('Target Profile'!F44)*ISNUMBER('Current Profile'!F44),'Target Profile'!F44-'Current Profile'!F44,"") | H43: =IF(G43="","",IF(G43>=3,"🔴 Critical",IF(G43=2,"🟠 High",IF(G43=1,"🟡 Medium","✅ None"))))
B44: IDENTIFY | C44: ID.AM-08 | D44: Assets managed through lifecycle | E44: ='Current Profile'!F45 | F44: ='Target Profile'!F45 | G44: =IF(ISNUMBER('Target Profile'!F45)*ISNUMBER('Current Profile'!F45),'Target Profile'!F45-'Current Profile'!F45,"") | H44: =IF(G44="","",IF(G44>=3,"🔴 Critical",IF(G44=2,"🟠 High",IF(G44=1,"🟡 Medium","✅ None"))))
B45: IDENTIFY | C45: ID.RA-01 | D45: Vulnerabilities identified and validated | E45: ='Current Profile'!F46 | F45: ='Target Profile'!F46 | G45: =IF(ISNUMBER('Target Profile'!F46)*ISNUMBER('Current Profile'!F46),'Target Profile'!F46-'Current Profile'!F46,"") | H45: =IF(G45="","",IF(G45>=3,"🔴 Critical",IF(G45=2,"🟠 High",IF(G45=1,"🟡 Medium","✅ None"))))
B46: IDENTIFY | C46: ID.RA-02 | D46: Threat intelligence received | E46: ='Current Profile'!F47 | F46: ='Target Profile'!F47 | G46: =IF(ISNUMBER('Target Profile'!F47)*ISNUMBER('Current Profile'!F47),'Target Profile'!F47-'Current Profile'!F47,"") | H46: =IF(G46="","",IF(G46>=3,"🔴 Critical",IF(G46=2,"🟠 High",IF(G46=1,"🟡 Medium","✅ None"))))
B47: IDENTIFY | C47: ID.RA-03 | D47: Internal/external threats identified | E47: ='Current Profile'!F48 | F47: ='Target Profile'!F48 | G47: =IF(ISNUMBER('Target Profile'!F48)*ISNUMBER('Current Profile'!F48),'Target Profile'!F48-'Current Profile'!F48,"") | H47: =IF(G47="","",IF(G47>=3,"🔴 Critical",IF(G47=2,"🟠 High",IF(G47=1,"🟡 Medium","✅ None"))))
B48: IDENTIFY | C48: ID.RA-04 | D48: Impacts and likelihoods considered | E48: ='Current Profile'!F49 | F48: ='Target Profile'!F49 | G48: =IF(ISNUMBER('Target Profile'!F49)*ISNUMBER('Current Profile'!F49),'Target Profile'!F49-'Current Profile'!F49,"") | H48: =IF(G48="","",IF(G48>=3,"🔴 Critical",IF(G48=2,"🟠 High",IF(G48=1,"🟡 Medium","✅ None"))))
B49: IDENTIFY | C49: ID.RA-05 | D49: Risk understood from threats/vulnerabilities | E49: ='Current Profile'!F50 | F49: ='Target Profile'!F50 | G49: =IF(ISNUMBER('Target Profile'!F50)*ISNUMBER('Current Profile'!F50),'Target Profile'!F50-'Current Profile'!F50,"") | H49: =IF(G49="","",IF(G49>=3,"🔴 Critical",IF(G49=2,"🟠 High",IF(G49=1,"🟡 Medium","✅ None"))))
... B58: IDENTIFY | C58: ID.IM-04 | D58: Incident response evaluated and documented | E58: ='Current Profile'!F59 | F58: ='Target Profile'!F59 | G58: =IF(ISNUMBER('Target Profile'!F59)*ISNUMBER('Current Profile'!F59),'Target Profile'!F59-'Current Profile'!F59,"") | H58: =IF(G58="","",IF(G58>=3,"🔴 Critical",IF(G58=2,"🟠 High",IF(G58=1,"🟡 Medium","✅ None"))))
B60: ▶ PROTECT (PR)
B61: PROTECT | C61: PR.AA-01 | D61: User, service, and hardware identities managed | E61: ='Current Profile'!F62 | F61: ='Target Profile'!F62 | G61: =IF(ISNUMBER('Target Profile'!F62)*ISNUMBER('Current Profile'!F62),'Target Profile'!F62-'Current Profile'!F62,"") | H61: =IF(G61="","",IF(G61>=3,"🔴 Critical",IF(G61=2,"🟠 High",IF(G61=1,"🟡 Medium","✅ None"))))
B62: PROTECT | C62: PR.AA-02 | D62: Identities proofed and bound to credentials | E62: ='Current Profile'!F63 | F62: ='Target Profile'!F63 | G62: =IF(ISNUMBER('Target Profile'!F63)*ISNUMBER('Current Profile'!F63),'Target Profile'!F63-'Current Profile'!F63,"") | H62: =IF(G62="","",IF(G62>=3,"🔴 Critical",IF(G62=2,"🟠 High",IF(G62=1,"🟡 Medium","✅ None"))))
B63: PROTECT | C63: PR.AA-03 | D63: Users and services authenticated (MFA) | E63: ='Current Profile'!F64 | F63: ='Target Profile'!F64 | G63: =IF(ISNUMBER('Target Profile'!F64)*ISNUMBER('Current Profile'!F64),'Target Profile'!F64-'Current Profile'!F64,"") | H63: =IF(G63="","",IF(G63>=3,"🔴 Critical",IF(G63=2,"🟠 High",IF(G63=1,"🟡 Medium","✅ None"))))
B64: PROTECT | C64: PR.AA-04 | D64: Identity assertions protected | E64: ='Current Profile'!F65 | F64: ='Target Profile'!F65 | G64: =IF(ISNUMBER('Target Profile'!F65)*ISNUMBER('Current Profile'!F65),'Target Profile'!F65-'Current Profile'!F65,"") | H64: =IF(G64="","",IF(G64>=3,"🔴 Critical",IF(G64=2,"🟠 High",IF(G64=1,"🟡 Medium","✅ None"))))
B65: PROTECT | C65: PR.AA-05 | D65: Access permissions and authorizations managed | E65: ='Current Profile'!F66 | F65: ='Target Profile'!F66 | G65: =IF(ISNUMBER('Target Profile'!F66)*ISNUMBER('Current Profile'!F66),'Target Profile'!F66-'Current Profile'!F66,"") | H65: =IF(G65="","",IF(G65>=3,"🔴 Critical",IF(G65=2,"🟠 High",IF(G65=1,"🟡 Medium","✅ None"))))
B66: PROTECT | C66: PR.AA-06 | D66: Physical access controlled | E66: ='Current Profile'!F67 | F66: ='Target Profile'!F67 | G66: =IF(ISNUMBER('Target Profile'!F67)*ISNUMBER('Current Profile'!F67),'Target Profile'!F67-'Current Profile'!F67,"") | H66: =IF(G66="","",IF(G66>=3,"🔴 Critical",IF(G66=2,"🟠 High",IF(G66=1,"🟡 Medium","✅ None"))))
B67: PROTECT | C67: PR.AT-01 | D67: Awareness and training provided to all personnel | E67: ='Current Profile'!F68 | F67: ='Target Profile'!F68 | G67: =IF(ISNUMBER('Target Profile'!F68)*ISNUMBER('Current Profile'!F68),'Target Profile'!F68-'Current Profile'!F68,"") | H67: =IF(G67="","",IF(G67>=3,"🔴 Critical",IF(G67=2,"🟠 High",IF(G67=1,"🟡 Medium","✅ None"))))
B68: PROTECT | C68: PR.AT-02 | D68: Specialized role training provided | E68: ='Current Profile'!F69 | F68: ='Target Profile'!F69 | G68: =IF(ISNUMBER('Target Profile'!F69)*ISNUMBER('Current Profile'!F69),'Target Profile'!F69-'Current Profile'!F69,"") | H68: =IF(G68="","",IF(G68>=3,"🔴 Critical",IF(G68=2,"🟠 High",IF(G68=1,"🟡 Medium","✅ None"))))
B69: PROTECT | C69: PR.DS-01 | D69: Data-at-rest protected | E69: ='Current Profile'!F70 | F69: ='Target Profile'!F70 | G69: =IF(ISNUMBER('Target Profile'!F70)*ISNUMBER('Current Profile'!F70),'Target Profile'!F70-'Current Profile'!F70,"") | H69: =IF(G69="","",IF(G69>=3,"🔴 Critical",IF(G69=2,"🟠 High",IF(G69=1,"🟡 Medium","✅ None"))))
B70: PROTECT | C70: PR.DS-02 | D70: Data-in-transit protected | E70: ='Current Profile'!F71 | F70: ='Target Profile'!F71 | G70: =IF(ISNUMBER('Target Profile'!F71)*ISNUMBER('Current Profile'!F71),'Target Profile'!F71-'Current Profile'!F71,"") | H70: =IF(G70="","",IF(G70>=3,"🔴 Critical",IF(G70=2,"🟠 High",IF(G70=1,"🟡 Medium","✅ None"))))
B71: PROTECT | C71: PR.DS-10 | D71: Data-in-use protected | E71: ='Current Profile'!F72 | F71: ='Target Profile'!F72 | G71: =IF(ISNUMBER('Target Profile'!F72)*ISNUMBER('Current Profile'!F72),'Target Profile'!F72-'Current Profile'!F72,"") | H71: =IF(G71="","",IF(G71>=3,"🔴 Critical",IF(G71=2,"🟠 High",IF(G71=1,"🟡 Medium","✅ None"))))
B72: PROTECT | C72: PR.DS-11 | D72: Backups created, protected, maintained, and tested | E72: ='Current Profile'!F73 | F72: ='Target Profile'!F73 | G72: =IF(ISNUMBER('Target Profile'!F73)*ISNUMBER('Current Profile'!F73),'Target Profile'!F73-'Current Profile'!F73,"") | H72: =IF(G72="","",IF(G72>=3,"🔴 Critical",IF(G72=2,"🟠 High",IF(G72=1,"🟡 Medium","✅ None"))))
... B82: PROTECT | C82: PR.IR-04 | D82: Adequate resource capacity ensured | E82: ='Current Profile'!F83 | F82: ='Target Profile'!F83 | G82: =IF(ISNUMBER('Target Profile'!F83)*ISNUMBER('Current Profile'!F83),'Target Profile'!F83-'Current Profile'!F83,"") | H82: =IF(G82="","",IF(G82>=3,"🔴 Critical",IF(G82=2,"🟠 High",IF(G82=1,"🟡 Medium","✅ None"))))
B84: ▶ DETECT (DE)
B85: DETECT | C85: DE.CM-01 | D85: Networks and network services monitored | E85: ='Current Profile'!F86 | F85: ='Target Profile'!F86 | G85: =IF(ISNUMBER('Target Profile'!F86)*ISNUMBER('Current Profile'!F86),'Target Profile'!F86-'Current Profile'!F86,"") | H85: =IF(G85="","",IF(G85>=3,"🔴 Critical",IF(G85=2,"🟠 High",IF(G85=1,"🟡 Medium","✅ None"))))
B86: DETECT | C86: DE.CM-02 | D86: Physical environment monitored | E86: ='Current Profile'!F87 | F86: ='Target Profile'!F87 | G86: =IF(ISNUMBER('Target Profile'!F87)*ISNUMBER('Current Profile'!F87),'Target Profile'!F87-'Current Profile'!F87,"") | H86: =IF(G86="","",IF(G86>=3,"🔴 Critical",IF(G86=2,"🟠 High",IF(G86=1,"🟡 Medium","✅ None"))))
B87: DETECT | C87: DE.CM-03 | D87: Personnel activity and technology usage monitored | E87: ='Current Profile'!F88 | F87: ='Target Profile'!F88 | G87: =IF(ISNUMBER('Target Profile'!F88)*ISNUMBER('Current Profile'!F88),'Target Profile'!F88-'Current Profile'!F88,"") | H87: =IF(G87="","",IF(G87>=3,"🔴 Critical",IF(G87=2,"🟠 High",IF(G87=1,"🟡 Medium","✅ None"))))
B88: DETECT | C88: DE.CM-06 | D88: External service provider activities monitored | E88: ='Current Profile'!F89 | F88: ='Target Profile'!F89 | G88: =IF(ISNUMBER('Target Profile'!F89)*ISNUMBER('Current Profile'!F89),'Target Profile'!F89-'Current Profile'!F89,"") | H88: =IF(G88="","",IF(G88>=3,"🔴 Critical",IF(G88=2,"🟠 High",IF(G88=1,"🟡 Medium","✅ None"))))
B89: DETECT | C89: DE.CM-09 | D89: Computing hardware and software monitored | E89: ='Current Profile'!F90 | F89: ='Target Profile'!F90 | G89: =IF(ISNUMBER('Target Profile'!F90)*ISNUMBER('Current Profile'!F90),'Target Profile'!F90-'Current Profile'!F90,"") | H89: =IF(G89="","",IF(G89>=3,"🔴 Critical",IF(G89=2,"🟠 High",IF(G89=1,"🟡 Medium","✅ None"))))
B90: DETECT | C90: DE.AE-02 | D90: Adverse events analyzed to characterize them | E90: ='Current Profile'!F91 | F90: ='Target Profile'!F91 | G90: =IF(ISNUMBER('Target Profile'!F91)*ISNUMBER('Current Profile'!F91),'Target Profile'!F91-'Current Profile'!F91,"") | H90: =IF(G90="","",IF(G90>=3,"🔴 Critical",IF(G90=2,"🟠 High",IF(G90=1,"🟡 Medium","✅ None"))))
B91: DETECT | C91: DE.AE-03 | D91: Information correlated from multiple sources | E91: ='Current Profile'!F92 | F91: ='Target Profile'!F92 | G91: =IF(ISNUMBER('Target Profile'!F92)*ISNUMBER('Current Profile'!F92),'Target Profile'!F92-'Current Profile'!F92,"") | H91: =IF(G91="","",IF(G91>=3,"🔴 Critical",IF(G91=2,"🟠 High",IF(G91=1,"🟡 Medium","✅ None"))))
B92: DETECT | C92: DE.AE-04 | D92: Estimated impact and scope understood | E92: ='Current Profile'!F93 | F92: ='Target Profile'!F93 | G92: =IF(ISNUMBER('Target Profile'!F93)*ISNUMBER('Current Profile'!F93),'Target Profile'!F93-'Current Profile'!F93,"") | H92: =IF(G92="","",IF(G92>=3,"🔴 Critical",IF(G92=2,"🟠 High",IF(G92=1,"🟡 Medium","✅ None"))))
B93: DETECT | C93: DE.AE-06 | D93: Information on adverse events provided to staff | E93: ='Current Profile'!F94 | F93: ='Target Profile'!F94 | G93: =IF(ISNUMBER('Target Profile'!F94)*ISNUMBER('Current Profile'!F94),'Target Profile'!F94-'Current Profile'!F94,"") | H93: =IF(G93="","",IF(G93>=3,"🔴 Critical",IF(G93=2,"🟠 High",IF(G93=1,"🟡 Medium","✅ None"))))
B94: DETECT | C94: DE.AE-07 | D94: Cyber threat intelligence integrated | E94: ='Current Profile'!F95 | F94: ='Target Profile'!F95 | G94: =IF(ISNUMBER('Target Profile'!F95)*ISNUMBER('Current Profile'!F95),'Target Profile'!F95-'Current Profile'!F95,"") | H94: =IF(G94="","",IF(G94>=3,"🔴 Critical",IF(G94=2,"🟠 High",IF(G94=1,"🟡 Medium","✅ None"))))
B95: DETECT | C95: DE.AE-08 | D95: Incidents declared when criteria met | E95: ='Current Profile'!F96 | F95: ='Target Profile'!F96 | G95: =IF(ISNUMBER('Target Profile'!F96)*ISNUMBER('Current Profile'!F96),'Target Profile'!F96-'Current Profile'!F96,"") | H95: =IF(G95="","",IF(G95>=3,"🔴 Critical",IF(G95=2,"🟠 High",IF(G95=1,"🟡 Medium","✅ None"))))
B97: ▶ RESPOND (RS)
B98: RESPOND | C98: RS.MA-01 | D98: Incident response plan exists and is executable | E98: ='Current Profile'!F99 | F98: ='Target Profile'!F99 | G98: =IF(ISNUMBER('Target Profile'!F99)*ISNUMBER('Current Profile'!F99),'Target Profile'!F99-'Current Profile'!F99,"") | H98: =IF(G98="","",IF(G98>=3,"🔴 Critical",IF(G98=2,"🟠 High",IF(G98=1,"🟡 Medium","✅ None"))))
B99: RESPOND | C99: RS.MA-02 | D99: Incident reports triaged and validated | E99: ='Current Profile'!F100 | F99: ='Target Profile'!F100 | G99: =IF(ISNUMBER('Target Profile'!F100)*ISNUMBER('Current Profile'!F100),'Target Profile'!F100-'Current Profile'!F100,"") | H99: =IF(G99="","",IF(G99>=3,"🔴 Critical",IF(G99=2,"🟠 High",IF(G99=1,"🟡 Medium","✅ None"))))
B100: RESPOND | C100: RS.MA-03 | D100: Incidents categorized and prioritized | E100: ='Current Profile'!F101 | F100: ='Target Profile'!F101 | G100: =IF(ISNUMBER('Target Profile'!F101)*ISNUMBER('Current Profile'!F101),'Target Profile'!F101-'Current Profile'!F101,"") | H100: =IF(G100="","",IF(G100>=3,"🔴 Critical",IF(G100=2,"🟠 High",IF(G100=1,"🟡 Medium","✅ None"))))
B101: RESPOND | C101: RS.MA-04 | D101: Incidents escalated or elevated as needed | E101: ='Current Profile'!F102 | F101: ='Target Profile'!F102 | G101: =IF(ISNUMBER('Target Profile'!F102)*ISNUMBER('Current Profile'!F102),'Target Profile'!F102-'Current Profile'!F102,"") | H101: =IF(G101="","",IF(G101>=3,"🔴 Critical",IF(G101=2,"🟠 High",IF(G101=1,"🟡 Medium","✅ None"))))
B102: RESPOND | C102: RS.MA-05 | D102: Incidents declared contained after analysis | E102: ='Current Profile'!F103 | F102: ='Target Profile'!F103 | G102: =IF(ISNUMBER('Target Profile'!F103)*ISNUMBER('Current Profile'!F103),'Target Profile'!F103-'Current Profile'!F103,"") | H102: =IF(G102="","",IF(G102>=3,"🔴 Critical",IF(G102=2,"🟠 High",IF(G102=1,"🟡 Medium","✅ None"))))
B103: RESPOND | C103: RS.AN-03 | D103: Analysis of what took place during incident | E103: ='Current Profile'!F104 | F103: ='Target Profile'!F104 | G103: =IF(ISNUMBER('Target Profile'!F104)*ISNUMBER('Current Profile'!F104),'Target Profile'!F104-'Current Profile'!F104,"") | H103: =IF(G103="","",IF(G103>=3,"🔴 Critical",IF(G103=2,"🟠 High",IF(G103=1,"🟡 Medium","✅ None"))))
B104: RESPOND | C104: RS.AN-06 | D104: Actions during investigation recorded | E104: ='Current Profile'!F105 | F104: ='Target Profile'!F105 | G104: =IF(ISNUMBER('Target Profile'!F105)*ISNUMBER('Current Profile'!F105),'Target Profile'!F105-'Current Profile'!F105,"") | H104: =IF(G104="","",IF(G104>=3,"🔴 Critical",IF(G104=2,"🟠 High",IF(G104=1,"🟡 Medium","✅ None"))))
B105: RESPOND | C105: RS.AN-07 | D105: Incident data and metadata collected | E105: ='Current Profile'!F106 | F105: ='Target Profile'!F106 | G105: =IF(ISNUMBER('Target Profile'!F106)*ISNUMBER('Current Profile'!F106),'Target Profile'!F106-'Current Profile'!F106,"") | H105: =IF(G105="","",IF(G105>=3,"🔴 Critical",IF(G105=2,"🟠 High",IF(G105=1,"🟡 Medium","✅ None"))))
B106: RESPOND | C106: RS.AN-08 | D106: Incident magnitude estimated and validated | E106: ='Current Profile'!F107 | F106: ='Target Profile'!F107 | G106: =IF(ISNUMBER('Target Profile'!F107)*ISNUMBER('Current Profile'!F107),'Target Profile'!F107-'Current Profile'!F107,"") | H106: =IF(G106="","",IF(G106>=3,"🔴 Critical",IF(G106=2,"🟠 High",IF(G106=1,"🟡 Medium","✅ None"))))
B107: RESPOND | C107: RS.CO-02 | D107: Internal/external stakeholders notified | E107: ='Current Profile'!F108 | F107: ='Target Profile'!F108 | G107: =IF(ISNUMBER('Target Profile'!F108)*ISNUMBER('Current Profile'!F108),'Target Profile'!F108-'Current Profile'!F108,"") | H107: =IF(G107="","",IF(G107>=3,"🔴 Critical",IF(G107=2,"🟠 High",IF(G107=1,"🟡 Medium","✅ None"))))
B108: RESPOND | C108: RS.CO-03 | D108: Information shared with designated stakeholders | E108: ='Current Profile'!F109 | F108: ='Target Profile'!F109 | G108: =IF(ISNUMBER('Target Profile'!F109)*ISNUMBER('Current Profile'!F109),'Target Profile'!F109-'Current Profile'!F109,"") | H108: =IF(G108="","",IF(G108>=3,"🔴 Critical",IF(G108=2,"🟠 High",IF(G108=1,"🟡 Medium","✅ None"))))
B109: RESPOND | C109: RS.MI-01 | D109: Incidents contained | E109: ='Current Profile'!F110 | F109: ='Target Profile'!F110 | G109: =IF(ISNUMBER('Target Profile'!F110)*ISNUMBER('Current Profile'!F110),'Target Profile'!F110-'Current Profile'!F110,"") | H109: =IF(G109="","",IF(G109>=3,"🔴 Critical",IF(G109=2,"🟠 High",IF(G109=1,"🟡 Medium","✅ None"))))
B110: RESPOND | C110: RS.MI-02 | D110: Incidents eradicated | E110: ='Current Profile'!F111 | F110: ='Target Profile'!F111 | G110: =IF(ISNUMBER('Target Profile'!F111)*ISNUMBER('Current Profile'!F111),'Target Profile'!F111-'Current Profile'!F111,"") | H110: =IF(G110="","",IF(G110>=3,"🔴 Critical",IF(G110=2,"🟠 High",IF(G110=1,"🟡 Medium","✅ None"))))
B112: ▶ RECOVER (RC)
B113: RECOVER | C113: RC.RP-01 | D113: Recovery portion of IRP executed | E113: ='Current Profile'!F114 | F113: ='Target Profile'!F114 | G113: =IF(ISNUMBER('Target Profile'!F114)*ISNUMBER('Current Profile'!F114),'Target Profile'!F114-'Current Profile'!F114,"") | H113: =IF(G113="","",IF(G113>=3,"🔴 Critical",IF(G113=2,"🟠 High",IF(G113=1,"🟡 Medium","✅ None"))))
B114: RECOVER | C114: RC.RP-02 | D114: Recovery actions selected and performed | E114: ='Current Profile'!F115 | F114: ='Target Profile'!F115 | G114: =IF(ISNUMBER('Target Profile'!F115)*ISNUMBER('Current Profile'!F115),'Target Profile'!F115-'Current Profile'!F115,"") | H114: =IF(G114="","",IF(G114>=3,"🔴 Critical",IF(G114=2,"🟠 High",IF(G114=1,"🟡 Medium","✅ None"))))
B115: RECOVER | C115: RC.RP-03 | D115: Completeness of recovery confirmed | E115: ='Current Profile'!F116 | F115: ='Target Profile'!F116 | G115: =IF(ISNUMBER('Target Profile'!F116)*ISNUMBER('Current Profile'!F116),'Target Profile'!F116-'Current Profile'!F116,"") | H115: =IF(G115="","",IF(G115>=3,"🔴 Critical",IF(G115=2,"🟠 High",IF(G115=1,"🟡 Medium","✅ None"))))
B116: RECOVER | C116: RC.RP-04 | D116: Reputation strategies applied | E116: ='Current Profile'!F117 | F116: ='Target Profile'!F117 | G116: =IF(ISNUMBER('Target Profile'!F117)*ISNUMBER('Current Profile'!F117),'Target Profile'!F117-'Current Profile'!F117,"") | H116: =IF(G116="","",IF(G116>=3,"🔴 Critical",IF(G116=2,"🟠 High",IF(G116=1,"🟡 Medium","✅ None"))))
B117: RECOVER | C117: RC.RP-05 | D117: Recovery activities end when criteria met | E117: ='Current Profile'!F118 | F117: ='Target Profile'!F118 | G117: =IF(ISNUMBER('Target Profile'!F118)*ISNUMBER('Current Profile'!F118),'Target Profile'!F118-'Current Profile'!F118,"") | H117: =IF(G117="","",IF(G117>=3,"🔴 Critical",IF(G117=2,"🟠 High",IF(G117=1,"🟡 Medium","✅ None"))))
B118: RECOVER | C118: RC.RP-06 | D118: Lessons learned incorporated | E118: ='Current Profile'!F119 | F118: ='Target Profile'!F119 | G118: =IF(ISNUMBER('Target Profile'!F119)*ISNUMBER('Current Profile'!F119),'Target Profile'!F119-'Current Profile'!F119,"") | H118: =IF(G118="","",IF(G118>=3,"🔴 Critical",IF(G118=2,"🟠 High",IF(G118=1,"🟡 Medium","✅ None"))))
B119: RECOVER | C119: RC.CO-03 | D119: Recovery activities communicated to stakeholders | E119: ='Current Profile'!F120 | F119: ='Target Profile'!F120 | G119: =IF(ISNUMBER('Target Profile'!F120)*ISNUMBER('Current Profile'!F120),'Target Profile'!F120-'Current Profile'!F120,"") | H119: =IF(G119="","",IF(G119>=3,"🔴 Critical",IF(G119=2,"🟠 High",IF(G119=1,"🟡 Medium","✅ None"))))
B120: RECOVER | C120: RC.CO-04 | D120: Public updates shared via approved methods | E120: ='Current Profile'!F121 | F120: ='Target Profile'!F121 | G120: =IF(ISNUMBER('Target Profile'!F121)*ISNUMBER('Current Profile'!F121),'Target Profile'!F121-'Current Profile'!F121,"") | H120: =IF(G120="","",IF(G120>=3,"🔴 Critical",IF(G120=2,"🟠 High",IF(G120=1,"🟡 Medium","✅ None"))))

Sheet Tier Summary
B1: NIST CSF 2.0 — Tier Summary Dashboard
B2: Scores are drawn automatically from the Gap Analysis sheet. This view is for leadership reporting.
B3: Function | C3: Current Avg Score | D3: Target Avg Score | E3: Current Tier | F3: Status
B4: GOVERN (GV) | C4: =IFERROR(AVERAGE('Gap Analysis'!E5:E35),"") | D4: =IFERROR(AVERAGE('Gap Analysis'!F5:F35),"") | E4: =IF(ISNUMBER(C4),INT(C4),"") | F4: =IF(C4="","Not Assessed",IF(C4>=D4,"✅ On Target",IF(D4-C4>=2,"🔴 Significant Gap","🟡 Gap")))
B5: IDENTIFY (ID) | C5: =IFERROR(AVERAGE('Gap Analysis'!E38:E58),"") | D5: =IFERROR(AVERAGE('Gap Analysis'!F38:F58),"") | E5: =IF(ISNUMBER(C5),INT(C5),"") | F5: =IF(C5="","Not Assessed",IF(C5>=D5,"✅ On Target",IF(D5-C5>=2,"🔴 Significant Gap","🟡 Gap")))
B6: PROTECT (PR) | C6: =IFERROR(AVERAGE('Gap Analysis'!E61:E82),"") | D6: =IFERROR(AVERAGE('Gap Analysis'!F61:F82),"") | E6: =IF(ISNUMBER(C6),INT(C6),"") | F6: =IF(C6="","Not Assessed",IF(C6>=D6,"✅ On Target",IF(D6-C6>=2,"🔴 Significant Gap","🟡 Gap")))
B7: DETECT (DE) | C7: =IFERROR(AVERAGE('Gap Analysis'!E85:E95),"") | D7: =IFERROR(AVERAGE('Gap Analysis'!F85:F95),"") | E7: =IF(ISNUMBER(C7),INT(C7),"") | F7: =IF(C7="","Not Assessed",IF(C7>=D7,"✅ On Target",IF(D7-C7>=2,"🔴 Significant Gap","🟡 Gap")))
B8: RESPOND (RS) | C8: =IFERROR(AVERAGE('Gap Analysis'!E98:E110),"") | D8: =IFERROR(AVERAGE('Gap Analysis'!F98:F110),"") | E8: =IF(ISNUMBER(C8),INT(C8),"") | F8: =IF(C8="","Not Assessed",IF(C8>=D8,"✅ On Target",IF(D8-C8>=2,"🔴 Significant Gap","🟡 Gap")))
B9: RECOVER (RC) | C9: =IFERROR(AVERAGE('Gap Analysis'!E113:E120),"") | D9: =IFERROR(AVERAGE('Gap Analysis'!F113:F120),"") | E9: =IF(ISNUMBER(C9),INT(C9),"") | F9: =IF(C9="","Not Assessed",IF(C9>=D9,"✅ On Target",IF(D9-C9>=2,"🔴 Significant Gap","🟡 Gap")))
B11: Overall Program Tier | C11: =IFERROR(MIN(INT(C4),INT(C5),INT(C6),INT(C7),INT(C8),INT(C9)),"") | D11: =IFERROR(MIN(INT(D4),INT(D5),INT(D6),INT(D7),INT(D8),INT(D9)),"")
B13: Tier Reference
B14: Tier 1 | C14: Partial | D14: Risk practices are ad hoc, reactive, and not formalized
B15: Tier 2 | C15: Risk Informed | D15: Risk awareness exists but not applied organization-wide
B16: Tier 3 | C16: Repeatable | D16: Risk practices are formally approved and consistently applied
B17: Tier 4 | C17: Adaptive | D17: Risk practices continuously improved based on threat intelligence
